"divide,""lunch"",""also"",""forty"",""live"",""felt"",""involved"",""member"",""understanding"",""east"",""simple"",""hit"",""which"",""gift"",""beginning"",""hill"",""myself"",""kept"",""frog"",""ocean"",""already"",""farther"",""price"",""was"",""built"",""skill"",""brown"",""refer"",""waste"",""dark"",""camera"",""nest"",""victory"",""scene"",""being"",""giant"",""calm"",""silent"",""highway"",""typical"",""whose"",""heart"",""atmosphere"",""rich"",""window"",""mean"",""noon"",""plant"",""slowly"",""donkey"",""upward"",""floor"",""teach"",""generally"",""phrase"",""nuts"",""become"",""tower"",""flight"""
"lead,""frozen"",""fifty"",""slowly"",""burst"",""clock"",""chance"",""class"",""red"",""bar"",""trunk"",""largest"",""written"",""principal"",""knew"",""stone"",""plane"",""no"",""pond"",""favorite"",""alphabet"",""accept"",""lamp"",""told"",""tomorrow"",""nodded"",""bent"",""connected"",""cabin"",""earn"",""average"",""class"",""fog"",""later"",""piano"",""street"",""fellow"",""thirty"",""throughout"",""swimming"",""variety"",""rapidly"",""strength"",""method"",""pencil"",""turn"",""plates"",""both"",""upper"",""property"",""spell"",""women"",""book"",""move"",""party"",""being"",""split"",""check"",""empty"""
"quite,""said"",""toward"",""poet"",""nest"",""put"",""season"",""dozen"",""western"",""no"",""straight"",""future"",""struck"",""measure"",""however"",""soap"",""she"",""pay"",""pretty"",""carry"",""everything"",""hardly"",""show"",""company"",""cool"",""needed"",""failed"",""easily"",""known"",""fifth"",""knowledge"",""grandmother"",""purpose"",""flight"",""frighten"",""some"",""enough"",""women"",""fireplace"",""separate"",""down"",""recently"",""recently"",""stomach"",""chest"",""fallen"",""main"",""managed"",""felt"",""income"",""wooden"",""sets"",""enter"",""lead"",""consonant"",""plates"",""mostly"",""pride"",""die"""
"wolf,""everything"",""bee"",""burn"",""missing"",""tank"",""notice"",""level"",""coffee"",""animal"",""huge"",""want"",""noise"",""care"",""on"",""bush"",""describe"",""general"",""stopped"",""nest"",""shelter"",""joy"",""powerful"",""include"",""force"",""lonely"",""kind"",""first"",""entirely"",""environment"",""needle"",""fifth"",""himself"",""too"",""rising"",""traffic"",""correctly"",""bag"",""grew"",""principle"",""birthday"",""sick"",""shut"",""disappear"",""goes"",""eventually"",""its"",""balance"",""jet"",""would"",""slightly"",""pain"",""throw"",""black"",""glad"",""we"",""bat"",""flame"",""edge"""
"whenever,""property"",""remember"",""exciting"",""keep"",""tonight"",""duty"",""calm"",""loud"",""order"",""fix"",""radio"",""here"",""birds"",""worry"",""pipe"",""class"",""bone"",""date"",""follow"",""war"",""blue"",""replace"",""themselves"",""thing"",""loud"",""fed"",""aboard"",""clearly"",""person"",""practice"",""might"",""weather"",""tired"",""rush"",""slept"",""man"",""adventure"",""bank"",""medicine"",""come"",""found"",""popular"",""sand"",""college"",""quiet"",""animal"",""lesson"",""noun"",""lips"",""strip"",""proud"",""coming"",""compass"",""inside"",""doing"",""closely"",""evidence"",""period"""
"slope,""burn"",""character"",""blind"",""length"",""city"",""gave"",""wonder"",""gold"",""smile"",""want"",""dozen"",""subject"",""since"",""music"",""shore"",""cup"",""better"",""trip"",""spell"",""volume"",""wheat"",""large"",""white"",""hit"",""whose"",""unit"",""building"",""double"",""all"",""solution"",""poetry"",""us"",""ear"",""left"",""tea"",""something"",""useful"",""record"",""soldier"",""beginning"",""nobody"",""highest"",""low"",""differ"",""fill"",""alone"",""pole"",""shut"",""common"",""satellites"",""captured"",""visit"",""oxygen"",""cold"",""avoid"",""strength"",""column"",""record"""
"passage,""location"",""cookies"",""brown"",""turn"",""raw"",""poor"",""comfortable"",""sell"",""let"",""addition"",""run"",""supper"",""realize"",""with"",""had"",""brain"",""managed"",""film"",""consider"",""outline"",""uncle"",""rice"",""occasionally"",""gain"",""park"",""bowl"",""carry"",""pocket"",""comfortable"",""business"",""his"",""mouth"",""regular"",""plan"",""determine"",""dull"",""consider"",""screen"",""spend"",""bigger"",""of"",""ants"",""examine"",""donkey"",""rubber"",""stock"",""until"",""eaten"",""fifth"",""protection"",""grown"",""stop"",""very"",""poetry"",""loose"",""massage"",""larger"",""stranger"""
"poem,""window"",""beauty"",""share"",""ride"",""foot"",""whom"",""center"",""twelve"",""accurate"",""find"",""fed"",""bottom"",""forest"",""do"",""continued"",""shake"",""object"",""knew"",""bank"",""frame"",""nation"",""unhappy"",""cave"",""order"",""vegetable"",""impossible"",""sister"",""seat"",""grew"",""born"",""everywhere"",""city"",""plastic"",""value"",""wish"",""merely"",""hold"",""farther"",""hot"",""from"",""solid"",""sell"",""along"",""freedom"",""stared"",""bigger"",""will"",""saved"",""wagon"",""spell"",""worry"",""bush"",""cloth"",""toward"",""sense"",""smooth"",""wide"",""material"""
"kids,""impossible"",""measure"",""angry"",""may"",""vegetable"",""mysterious"",""definition"",""scientific"",""four"",""shade"",""layers"",""change"",""old"",""closely"",""nodded"",""black"",""spend"",""expect"",""natural"",""cow"",""cloth"",""river"",""football"",""handsome"",""number"",""dry"",""then"",""forest"",""discussion"",""became"",""brave"",""task"",""newspaper"",""church"",""have"",""voyage"",""front"",""gun"",""anywhere"",""time"",""article"",""fairly"",""wet"",""skin"",""bear"",""win"",""wave"",""practice"",""failed"",""roof"",""victory"",""possible"",""complete"",""valuable"",""stock"",""useful"",""passage"",""command"""
"nearly,""against"",""dirty"",""making"",""paint"",""stop"",""instance"",""subject"",""cook"",""hurt"",""began"",""ourselves"",""camera"",""stock"",""among"",""figure"",""slowly"",""question"",""century"",""scientist"",""solve"",""studying"",""deal"",""handsome"",""alone"",""bet"",""aid"",""collect"",""vapor"",""three"",""rays"",""below"",""dinner"",""run"",""strike"",""choice"",""before"",""size"",""allow"",""remarkable"",""draw"",""field"",""such"",""around"",""help"",""chest"",""likely"",""forgot"",""pink"",""dollar"",""became"",""moving"",""spread"",""cabin"",""to"",""equator"",""region"",""mad"",""greatly"""
"joy,""up"",""dark"",""real"",""cool"",""behind"",""fine"",""evening"",""hill"",""private"",""while"",""refer"",""feathers"",""inch"",""merely"",""column"",""per"",""across"",""better"",""wealth"",""waste"",""route"",""of"",""animal"",""value"",""far"",""believed"",""brave"",""fairly"",""pride"",""manner"",""popular"",""stock"",""feature"",""part"",""ago"",""wet"",""right"",""thought"",""greater"",""born"",""locate"",""former"",""white"",""usual"",""correctly"",""highest"",""breakfast"",""care"",""actual"",""harder"",""tail"",""sea"",""cutting"",""last"",""safe"",""word"",""river"",""plus"""
"capital,""magnet"",""accept"",""freedom"",""telephone"",""unhappy"",""making"",""zoo"",""eat"",""government"",""shop"",""pride"",""probably"",""cook"",""walk"",""bread"",""little"",""everything"",""until"",""entire"",""oxygen"",""town"",""suppose"",""wheat"",""aboard"",""vertical"",""note"",""battle"",""answer"",""percent"",""growth"",""anyone"",""gather"",""usual"",""capital"",""consist"",""somewhere"",""ring"",""begun"",""wing"",""cap"",""hand"",""pan"",""running"",""signal"",""smooth"",""city"",""shoulder"",""bus"",""industry"",""curious"",""movie"",""wife"",""sign"",""gradually"",""army"",""setting"",""nature"",""occasionally"""
"should,""history"",""stepped"",""writing"",""fog"",""effect"",""body"",""pet"",""horse"",""court"",""discover"",""joy"",""ask"",""became"",""motion"",""quarter"",""sides"",""view"",""shells"",""baseball"",""cowboy"",""pain"",""bend"",""fact"",""receive"",""quietly"",""winter"",""back"",""mile"",""land"",""surface"",""bound"",""part"",""till"",""fog"",""bigger"",""swept"",""hidden"",""chose"",""what"",""difference"",""cross"",""then"",""stronger"",""lot"",""onlinetools"",""material"",""show"",""studied"",""definition"",""battle"",""flow"",""explain"",""writer"",""passage"",""rise"",""nearly"",""anyway"",""cow"""
"sets,""hungry"",""repeat"",""headed"",""merely"",""cross"",""determine"",""sail"",""whistle"",""obtain"",""alike"",""produce"",""shoulder"",""measure"",""football"",""earn"",""dull"",""wash"",""crack"",""swing"",""audience"",""climb"",""tone"",""mass"",""slipped"",""bend"",""tie"",""flow"",""school"",""except"",""trail"",""circle"",""silver"",""wheel"",""brain"",""color"",""cave"",""smaller"",""steep"",""sharp"",""glad"",""disease"",""troops"",""library"",""immediately"",""badly"",""president"",""given"",""original"",""who"",""compare"",""aware"",""free"",""monkey"",""coal"",""wrapped"",""biggest"",""needs"",""able"""
"gently,""move"",""lost"",""made"",""wife"",""zoo"",""object"",""human"",""way"",""salmon"",""practice"",""force"",""medicine"",""oldest"",""opposite"",""tool"",""system"",""help"",""about"",""garage"",""agree"",""bound"",""valley"",""region"",""globe"",""arrange"",""announced"",""call"",""essential"",""simplest"",""flame"",""musical"",""if"",""roar"",""various"",""feet"",""distant"",""fifty"",""some"",""best"",""smooth"",""cutting"",""rocket"",""passage"",""student"",""pride"",""gray"",""touch"",""ring"",""gain"",""four"",""you"",""bottom"",""whenever"",""where"",""charge"",""discover"",""directly"",""brass"""
"speak,""letter"",""number"",""deer"",""powerful"",""is"",""most"",""weak"",""also"",""usual"",""view"",""cool"",""airplane"",""should"",""individual"",""brain"",""rate"",""sale"",""able"",""drive"",""wave"",""band"",""phrase"",""child"",""swim"",""label"",""jar"",""process"",""evidence"",""thousand"",""hidden"",""characteristic"",""method"",""dust"",""arrange"",""season"",""compare"",""nothing"",""face"",""necessary"",""worker"",""hurry"",""suggest"",""somewhere"",""any"",""blew"",""brass"",""write"",""book"",""powerful"",""arrangement"",""do"",""cent"",""book"",""skin"",""visit"",""forest"",""noun"",""along"""
"sharp,""browserling"",""brown"",""been"",""railroad"",""kitchen"",""since"",""month"",""example"",""will"",""danger"",""contrast"",""beauty"",""hollow"",""blind"",""weight"",""glass"",""pretty"",""drove"",""dawn"",""collect"",""struggle"",""unit"",""young"",""group"",""plate"",""shaking"",""mighty"",""twice"",""organization"",""original"",""making"",""heat"",""tales"",""example"",""handle"",""dinner"",""apart"",""dear"",""rising"",""zero"",""did"",""frog"",""arrive"",""each"",""quarter"",""bet"",""making"",""victory"",""behavior"",""clearly"",""across"",""able"",""reader"",""inch"",""down"",""maybe"",""yellow"",""warn"""
"neighborhood,""judge"",""too"",""station"",""mice"",""tide"",""deer"",""mark"",""paid"",""basic"",""putting"",""character"",""glass"",""spirit"",""path"",""trail"",""team"",""attack"",""chamber"",""whose"",""quick"",""ourselves"",""halfway"",""dry"",""maybe"",""saw"",""recall"",""bill"",""basic"",""sitting"",""student"",""bill"",""means"",""time"",""boat"",""plastic"",""speed"",""attack"",""did"",""flies"",""dress"",""action"",""war"",""pond"",""lucky"",""ground"",""building"",""neck"",""voice"",""affect"",""must"",""enjoy"",""salmon"",""younger"",""development"",""far"",""somebody"",""whenever"",""was"""
"energy,""four"",""highest"",""lonely"",""by"",""lay"",""kind"",""apartment"",""vote"",""ship"",""won"",""exact"",""place"",""sign"",""pig"",""game"",""rest"",""musical"",""box"",""cast"",""thy"",""command"",""garage"",""herd"",""body"",""familiar"",""feathers"",""prevent"",""book"",""coat"",""women"",""learn"",""again"",""pine"",""enemy"",""acres"",""become"",""start"",""express"",""dirty"",""folks"",""broad"",""salt"",""grass"",""burn"",""successful"",""chapter"",""best"",""signal"",""nation"",""explanation"",""pitch"",""grass"",""ran"",""beat"",""yesterday"",""dirt"",""among"",""gone"""
"shine,""local"",""saddle"",""too"",""zoo"",""energy"",""warn"",""refer"",""slide"",""chain"",""lunch"",""origin"",""closely"",""wash"",""prove"",""game"",""directly"",""show"",""die"",""swam"",""touch"",""colony"",""church"",""wore"",""aloud"",""surprise"",""slip"",""door"",""surface"",""aloud"",""balloon"",""bottom"",""she"",""disappear"",""three"",""dead"",""driving"",""near"",""poetry"",""brain"",""language"",""use"",""problem"",""topic"",""facing"",""moving"",""scene"",""typical"",""for"",""birthday"",""form"",""fallen"",""fish"",""force"",""blue"",""theory"",""hurried"",""tall"",""dress"""
"themselves,""step"",""someone"",""sky"",""success"",""peace"",""asleep"",""stand"",""air"",""factor"",""muscle"",""independent"",""soil"",""guide"",""gravity"",""recall"",""exactly"",""everywhere"",""truth"",""crowd"",""vote"",""cannot"",""chair"",""space"",""cell"",""at"",""birthday"",""one"",""upward"",""very"",""perfect"",""escape"",""safe"",""sound"",""usual"",""differ"",""village"",""milk"",""town"",""sitting"",""property"",""doubt"",""pole"",""rear"",""taught"",""wherever"",""tried"",""leader"",""own"",""partly"",""station"",""stopped"",""outside"",""beneath"",""certain"",""fix"",""weather"",""leaf"",""wood"""
"mix,""introduced"",""must"",""row"",""habit"",""adventure"",""answer"",""beginning"",""led"",""sight"",""tip"",""service"",""than"",""creature"",""start"",""somebody"",""wish"",""gravity"",""using"",""anyway"",""coach"",""establish"",""prize"",""practice"",""friend"",""let"",""place"",""bill"",""burn"",""lesson"",""dark"",""thus"",""prize"",""require"",""them"",""after"",""single"",""plural"",""body"",""idea"",""search"",""silence"",""cool"",""how"",""whenever"",""coat"",""lion"",""title"",""select"",""basis"",""catch"",""shoot"",""still"",""birds"",""coast"",""development"",""camp"",""making"",""shape"""
"see,""saw"",""folks"",""left"",""those"",""in"",""entire"",""suppose"",""quite"",""layers"",""prove"",""bite"",""account"",""verb"",""noun"",""practical"",""produce"",""bottle"",""scene"",""serve"",""gray"",""police"",""cat"",""draw"",""test"",""firm"",""bend"",""fighting"",""collect"",""team"",""determine"",""telephone"",""research"",""brush"",""page"",""harder"",""done"",""told"",""useful"",""find"",""smallest"",""win"",""has"",""wheel"",""office"",""piece"",""give"",""former"",""feel"",""then"",""may"",""split"",""does"",""welcome"",""review"",""verb"",""fourth"",""street"",""luck"""
"pleasure,""theory"",""verb"",""dug"",""quarter"",""suggest"",""visitor"",""morning"",""coat"",""gate"",""function"",""do"",""also"",""shoot"",""season"",""yesterday"",""purple"",""offer"",""material"",""give"",""supply"",""oil"",""end"",""shore"",""desert"",""hundred"",""letter"",""travel"",""pretty"",""nature"",""breathe"",""keep"",""just"",""along"",""paid"",""tears"",""does"",""start"",""cast"",""softly"",""low"",""harder"",""exchange"",""series"",""was"",""pine"",""pitch"",""lesson"",""wise"",""whole"",""reason"",""position"",""settlers"",""bark"",""symbol"",""talk"",""felt"",""declared"",""halfway"""
"pleasant,""whispered"",""love"",""combination"",""save"",""direct"",""quietly"",""nearest"",""lucky"",""conversation"",""easily"",""torn"",""fall"",""phrase"",""duck"",""slightly"",""log"",""secret"",""won"",""how"",""thread"",""exchange"",""look"",""uncle"",""probably"",""felt"",""ride"",""steep"",""prepare"",""try"",""why"",""pour"",""atmosphere"",""corn"",""bowl"",""remarkable"",""prize"",""choose"",""hope"",""tail"",""include"",""century"",""not"",""son"",""crop"",""skill"",""season"",""snake"",""chapter"",""average"",""alphabet"",""small"",""group"",""main"",""tower"",""fall"",""here"",""give"",""black"""
"butter,""bad"",""certain"",""appropriate"",""package"",""away"",""slow"",""free"",""numeral"",""fought"",""cold"",""gave"",""establish"",""apartment"",""doing"",""round"",""feed"",""gas"",""situation"",""rubber"",""open"",""finger"",""quiet"",""die"",""ranch"",""rocky"",""speech"",""voyage"",""edge"",""shorter"",""are"",""range"",""stop"",""blew"",""pour"",""vessels"",""taken"",""cast"",""oldest"",""changing"",""foreign"",""steam"",""running"",""lunch"",""drove"",""forest"",""follow"",""line"",""frequently"",""imagine"",""because"",""she"",""support"",""environment"",""roll"",""system"",""tape"",""declared"",""rhythm"""
"military,""say"",""finger"",""flight"",""ill"",""wish"",""use"",""second"",""surrounded"",""energy"",""behind"",""strange"",""honor"",""loud"",""hurried"",""triangle"",""missing"",""square"",""drawn"",""package"",""brought"",""flower"",""fish"",""example"",""heading"",""clay"",""church"",""concerned"",""gave"",""pure"",""three"",""earn"",""monkey"",""favorite"",""consonant"",""pony"",""shoe"",""face"",""once"",""bread"",""cry"",""luck"",""possible"",""month"",""hold"",""fun"",""simplest"",""week"",""person"",""floating"",""pleasant"",""film"",""percent"",""torn"",""root"",""river"",""class"",""combine"",""higher"""
"record,""peace"",""review"",""trip"",""sale"",""way"",""empty"",""younger"",""rapidly"",""sugar"",""ourselves"",""parent"",""health"",""lungs"",""other"",""yet"",""chapter"",""thrown"",""around"",""adjective"",""nothing"",""fish"",""trunk"",""wild"",""become"",""partly"",""closer"",""heading"",""arrow"",""poet"",""screen"",""troops"",""angle"",""every"",""bar"",""smooth"",""chicken"",""aboard"",""treated"",""screen"",""spite"",""throughout"",""central"",""police"",""experience"",""development"",""white"",""element"",""mysterious"",""score"",""mass"",""oldest"",""sit"",""explore"",""remarkable"",""nearest"",""cause"",""proud"",""person"""
"ruler,""bat"",""curve"",""law"",""black"",""failed"",""education"",""explanation"",""owner"",""electric"",""slightly"",""pond"",""chosen"",""raise"",""nearly"",""society"",""any"",""smell"",""also"",""factor"",""fierce"",""why"",""contrast"",""brass"",""boat"",""piece"",""toy"",""weight"",""several"",""gentle"",""cast"",""rabbit"",""dot"",""poet"",""short"",""design"",""eight"",""coming"",""clock"",""poetry"",""form"",""crop"",""difficulty"",""held"",""go"",""blind"",""final"",""shirt"",""system"",""western"",""hay"",""sink"",""ourselves"",""former"",""influence"",""sink"",""blank"",""column"",""attached"""
"ground,""hurt"",""put"",""very"",""captured"",""friendly"",""slight"",""field"",""free"",""whispered"",""gulf"",""attention"",""day"",""twenty"",""method"",""coming"",""should"",""brush"",""golden"",""policeman"",""asleep"",""like"",""section"",""bark"",""carried"",""another"",""symbol"",""increase"",""money"",""yourself"",""chest"",""freedom"",""usual"",""private"",""rising"",""copy"",""eight"",""result"",""truth"",""average"",""sell"",""zero"",""unhappy"",""milk"",""drew"",""nearest"",""sail"",""title"",""wall"",""donkey"",""was"",""straight"",""primitive"",""canal"",""pull"",""tell"",""football"",""eleven"",""upper"""
"thousand,""yet"",""teeth"",""land"",""gather"",""loose"",""worse"",""wait"",""sick"",""butter"",""alive"",""bridge"",""oldest"",""carried"",""wrote"",""if"",""then"",""transportation"",""die"",""its"",""century"",""sitting"",""sum"",""asleep"",""higher"",""swung"",""signal"",""vegetable"",""egg"",""perfectly"",""riding"",""helpful"",""traffic"",""handsome"",""report"",""indicate"",""information"",""yourself"",""cattle"",""sleep"",""mostly"",""sets"",""central"",""airplane"",""having"",""valley"",""ten"",""chapter"",""should"",""bee"",""piece"",""today"",""poetry"",""son"",""eat"",""third"",""eat"",""soap"",""upon"""
"science,""use"",""too"",""light"",""what"",""sleep"",""open"",""indicate"",""field"",""community"",""arrow"",""try"",""she"",""high"",""supper"",""needed"",""voyage"",""sleep"",""could"",""road"",""characteristic"",""cream"",""method"",""central"",""instrument"",""region"",""standard"",""influence"",""coming"",""walk"",""move"",""during"",""fairly"",""since"",""just"",""left"",""tears"",""taught"",""coast"",""settle"",""sign"",""meant"",""white"",""hungry"",""after"",""highway"",""prepare"",""stopped"",""say"",""been"",""may"",""related"",""him"",""length"",""birds"",""trail"",""written"",""spent"",""queen"""
"sick,""volume"",""income"",""flow"",""whole"",""shoe"",""become"",""least"",""moving"",""winter"",""poetry"",""huge"",""thing"",""wash"",""elephant"",""thank"",""once"",""religious"",""bare"",""sheep"",""right"",""doing"",""noun"",""steep"",""drawn"",""forgotten"",""sure"",""remove"",""soft"",""continent"",""get"",""them"",""immediately"",""why"",""maybe"",""closely"",""rice"",""national"",""shown"",""represent"",""phrase"",""settlers"",""attack"",""bow"",""soil"",""term"",""what"",""pictured"",""stream"",""flight"",""hungry"",""near"",""meat"",""thick"",""smallest"",""bare"",""grow"",""pot"",""fish"""
"exact,""easy"",""sale"",""belong"",""upper"",""ocean"",""won"",""any"",""news"",""discuss"",""hidden"",""thee"",""were"",""gradually"",""lack"",""machinery"",""leader"",""group"",""helpful"",""instead"",""did"",""stairs"",""man"",""satellites"",""soap"",""guess"",""aboard"",""in"",""actual"",""couple"",""shoe"",""led"",""wet"",""brave"",""idea"",""however"",""help"",""headed"",""canal"",""steel"",""harbor"",""library"",""loud"",""sent"",""agree"",""older"",""please"",""establish"",""yesterday"",""one"",""avoid"",""against"",""solve"",""surrounded"",""missing"",""funny"",""section"",""introduced"",""frame"""
"adjective,""own"",""apartment"",""he"",""likely"",""smaller"",""sunlight"",""breathing"",""color"",""else"",""bus"",""break"",""were"",""replace"",""whale"",""combine"",""day"",""too"",""dull"",""wing"",""believed"",""would"",""if"",""ancient"",""step"",""mission"",""recognize"",""member"",""owner"",""wing"",""needle"",""grandmother"",""journey"",""increase"",""ready"",""duck"",""hit"",""clay"",""stranger"",""town"",""globe"",""dirty"",""building"",""broad"",""brass"",""mirror"",""driver"",""tight"",""cent"",""atomic"",""forty"",""salt"",""drive"",""naturally"",""climb"",""corner"",""every"",""shoe"",""welcome"""
"does,""student"",""met"",""help"",""love"",""pure"",""got"",""how"",""wonder"",""cutting"",""dollar"",""influence"",""mile"",""basic"",""gather"",""zoo"",""future"",""doing"",""way"",""topic"",""felt"",""southern"",""here"",""found"",""expect"",""solar"",""truth"",""tip"",""change"",""smell"",""outline"",""hat"",""wagon"",""ability"",""unit"",""trick"",""library"",""near"",""last"",""one"",""diagram"",""fifty"",""shirt"",""shoulder"",""guide"",""swept"",""surprise"",""blind"",""field"",""difference"",""meal"",""hung"",""universe"",""grass"",""thing"",""produce"",""factor"",""here"",""hall"""
"group,""better"",""loss"",""tube"",""brother"",""provide"",""state"",""gas"",""everyone"",""branch"",""through"",""swept"",""trouble"",""give"",""plain"",""spell"",""announced"",""round"",""science"",""wore"",""nose"",""red"",""sum"",""article"",""anything"",""supper"",""must"",""whale"",""sad"",""ball"",""atmosphere"",""eat"",""parent"",""worker"",""develop"",""soldier"",""material"",""building"",""conversation"",""could"",""represent"",""becoming"",""whole"",""sleep"",""beginning"",""work"",""certainly"",""slow"",""fuel"",""ask"",""flew"",""ill"",""easier"",""finger"",""church"",""gold"",""mouse"",""tobacco"",""pencil"""
"weigh,""contrast"",""sort"",""newspaper"",""egg"",""return"",""neighborhood"",""is"",""sent"",""refer"",""speak"",""making"",""pupil"",""whispered"",""ate"",""hall"",""attempt"",""seed"",""recognize"",""frog"",""ourselves"",""turn"",""her"",""believed"",""pole"",""rhythm"",""quite"",""news"",""anywhere"",""tower"",""composed"",""look"",""section"",""monkey"",""tales"",""teeth"",""amount"",""paint"",""language"",""factory"",""announced"",""arrive"",""steel"",""few"",""sold"",""active"",""but"",""beside"",""fox"",""serve"",""force"",""station"",""its"",""usual"",""aside"",""gift"",""between"",""printed"",""local"""
"leader,""shallow"",""term"",""mind"",""number"",""fox"",""gently"",""blind"",""refused"",""dried"",""catch"",""shallow"",""union"",""farther"",""about"",""trace"",""speech"",""cutting"",""ear"",""gradually"",""becoming"",""cat"",""depend"",""feet"",""six"",""let"",""foreign"",""family"",""support"",""slowly"",""identity"",""hurry"",""industry"",""condition"",""alphabet"",""earn"",""verb"",""thy"",""usually"",""surprise"",""remove"",""changing"",""excited"",""mostly"",""themselves"",""unhappy"",""bare"",""doing"",""studied"",""beside"",""century"",""silk"",""day"",""driving"",""refused"",""mathematics"",""copy"",""expect"",""mathematics"""
"driving,""meet"",""examine"",""trade"",""see"",""feed"",""said"",""greater"",""about"",""sweet"",""branch"",""closer"",""lucky"",""lamp"",""ear"",""directly"",""clear"",""street"",""observe"",""fuel"",""fifty"",""alone"",""discovery"",""giving"",""steam"",""trip"",""nation"",""stomach"",""bill"",""made"",""also"",""smallest"",""shape"",""price"",""sure"",""automobile"",""bat"",""nobody"",""shinning"",""lonely"",""along"",""directly"",""crowd"",""total"",""military"",""blank"",""younger"",""good"",""dirty"",""cut"",""service"",""step"",""ask"",""heard"",""up"",""enjoy"",""improve"",""running"",""met"""
"spend,""hole"",""silver"",""fifth"",""suit"",""rice"",""back"",""tin"",""sheep"",""electricity"",""tell"",""curve"",""massage"",""appropriate"",""refer"",""wheel"",""farmer"",""spirit"",""inside"",""willing"",""announced"",""uncle"",""west"",""they"",""major"",""bit"",""afraid"",""split"",""bowl"",""official"",""larger"",""entirely"",""jar"",""hang"",""anything"",""massage"",""fine"",""check"",""terrible"",""chose"",""replace"",""age"",""enemy"",""gravity"",""fly"",""reason"",""older"",""give"",""sum"",""horn"",""human"",""couple"",""pool"",""ride"",""policeman"",""purpose"",""getting"",""combine"",""not"""
"flies,""gently"",""happened"",""kill"",""cat"",""positive"",""naturally"",""dress"",""saved"",""duck"",""dead"",""review"",""pony"",""then"",""massage"",""forth"",""movement"",""farmer"",""broad"",""round"",""begun"",""known"",""soft"",""teacher"",""surface"",""independent"",""let"",""friend"",""monkey"",""ride"",""forward"",""charge"",""lion"",""die"",""great"",""paint"",""canal"",""military"",""life"",""last"",""stage"",""track"",""railroad"",""independent"",""rocket"",""discovery"",""suddenly"",""dish"",""uncle"",""magic"",""point"",""large"",""jar"",""throughout"",""news"",""finish"",""victory"",""end"",""atmosphere"""
"include,""protection"",""factory"",""joy"",""number"",""layers"",""member"",""percent"",""review"",""butter"",""sent"",""office"",""which"",""product"",""pet"",""within"",""increase"",""exercise"",""account"",""excitement"",""brother"",""sides"",""expect"",""particular"",""driving"",""fifteen"",""forth"",""child"",""announced"",""shape"",""them"",""independent"",""practical"",""noun"",""dozen"",""suddenly"",""difference"",""question"",""height"",""open"",""night"",""land"",""visitor"",""lying"",""bicycle"",""former"",""egg"",""carbon"",""for"",""tower"",""nor"",""raw"",""love"",""afraid"",""walk"",""political"",""flat"",""rush"",""sheet"""
"chamber,""even"",""introduced"",""sale"",""cheese"",""composed"",""summer"",""fairly"",""wide"",""terrible"",""them"",""pet"",""shop"",""danger"",""swept"",""practical"",""made"",""wonderful"",""underline"",""needs"",""writer"",""sang"",""enter"",""bottom"",""science"",""diameter"",""cent"",""fourth"",""dried"",""waste"",""board"",""chicken"",""sink"",""yes"",""course"",""man"",""dish"",""physical"",""judge"",""reason"",""tongue"",""popular"",""characteristic"",""shirt"",""beat"",""outside"",""cost"",""law"",""method"",""cell"",""comfortable"",""been"",""leg"",""wolf"",""force"",""zoo"",""have"",""visitor"",""believed"""
"or,""joy"",""yourself"",""blanket"",""duty"",""whole"",""until"",""heat"",""music"",""possibly"",""fair"",""introduced"",""monkey"",""shaking"",""supply"",""rule"",""cloth"",""wonder"",""thou"",""mail"",""wolf"",""lion"",""shown"",""recent"",""sheet"",""talk"",""wife"",""his"",""fewer"",""forward"",""atmosphere"",""interior"",""under"",""piece"",""gain"",""rocket"",""chair"",""quiet"",""label"",""nails"",""official"",""bottom"",""single"",""mostly"",""home"",""direct"",""mill"",""naturally"",""ocean"",""firm"",""game"",""loud"",""evidence"",""die"",""period"",""many"",""toy"",""cloth"",""willing"""
"let,""spread"",""graph"",""folks"",""automobile"",""rhythm"",""ranch"",""flag"",""neighbor"",""exactly"",""phrase"",""exact"",""cost"",""standard"",""soap"",""syllable"",""fur"",""question"",""curve"",""story"",""note"",""break"",""moon"",""bet"",""white"",""mainly"",""learn"",""harder"",""refer"",""mix"",""rather"",""happen"",""between"",""object"",""kept"",""floating"",""willing"",""free"",""burst"",""radio"",""article"",""gold"",""duty"",""pupil"",""damage"",""interest"",""baby"",""row"",""warn"",""thus"",""horse"",""direct"",""nine"",""improve"",""meant"",""wool"",""church"",""establish"",""article"""
"stock,""thus"",""sky"",""occasionally"",""book"",""small"",""care"",""about"",""dirt"",""ability"",""idea"",""kept"",""just"",""air"",""what"",""never"",""note"",""bag"",""solid"",""continued"",""policeman"",""owner"",""brown"",""every"",""without"",""manner"",""has"",""last"",""dot"",""jump"",""dried"",""catch"",""trail"",""palace"",""particular"",""twice"",""passage"",""terrible"",""voyage"",""lonely"",""wet"",""nobody"",""hollow"",""shut"",""atmosphere"",""trace"",""against"",""wash"",""copper"",""tall"",""mixture"",""express"",""hundred"",""becoming"",""building"",""fifteen"",""sent"",""chart"",""better"""
"machinery,""breakfast"",""rough"",""you"",""thing"",""reason"",""sell"",""disease"",""happy"",""water"",""giant"",""glad"",""earn"",""graph"",""art"",""spell"",""mass"",""company"",""but"",""correctly"",""railroad"",""soon"",""well"",""interest"",""park"",""blow"",""student"",""mark"",""period"",""farther"",""cage"",""pilot"",""warn"",""effort"",""serve"",""sheet"",""happy"",""put"",""such"",""help"",""music"",""strange"",""dear"",""whistle"",""or"",""leg"",""mood"",""blue"",""here"",""consist"",""raw"",""strip"",""slight"",""then"",""seems"",""group"",""dear"",""stock"",""consist"""
"do,""student"",""doubt"",""rapidly"",""onlinetools"",""bring"",""jar"",""afraid"",""dry"",""castle"",""straw"",""major"",""specific"",""winter"",""kept"",""section"",""for"",""nothing"",""indicate"",""experience"",""ancient"",""basket"",""natural"",""seen"",""limited"",""having"",""yard"",""fox"",""loose"",""consider"",""block"",""vegetable"",""work"",""gate"",""already"",""went"",""road"",""something"",""ate"",""degree"",""sometime"",""yet"",""shine"",""worth"",""ability"",""industrial"",""tropical"",""herself"",""breathing"",""classroom"",""hole"",""sent"",""bend"",""buy"",""knife"",""prevent"",""long"",""carried"",""center"""
"courage,""dear"",""settle"",""muscle"",""layers"",""agree"",""teach"",""five"",""goose"",""watch"",""ground"",""quiet"",""surprise"",""sheet"",""village"",""line"",""garden"",""mud"",""wolf"",""bound"",""recently"",""connected"",""goes"",""dug"",""empty"",""lungs"",""deeply"",""mainly"",""ago"",""independent"",""got"",""herd"",""cause"",""correctly"",""level"",""bean"",""fully"",""positive"",""wide"",""manner"",""handsome"",""travel"",""plastic"",""mouth"",""difficulty"",""fifty"",""rubber"",""word"",""rocket"",""boat"",""familiar"",""usually"",""pound"",""done"",""shake"",""bottle"",""claws"",""chapter"",""damage"""
"stock,""further"",""pass"",""lie"",""actually"",""closer"",""trail"",""stand"",""fine"",""pass"",""recently"",""are"",""explore"",""attention"",""tower"",""book"",""though"",""door"",""clearly"",""tower"",""string"",""average"",""strength"",""step"",""graph"",""stood"",""gray"",""fastened"",""price"",""expect"",""diagram"",""addition"",""born"",""captured"",""chair"",""chest"",""local"",""indeed"",""basket"",""first"",""pair"",""raw"",""slipped"",""court"",""direction"",""dear"",""rhythm"",""connected"",""science"",""spirit"",""shallow"",""tell"",""hospital"",""pack"",""top"",""feed"",""were"",""summer"",""rubbed"""
"area,""cave"",""nest"",""tears"",""circus"",""empty"",""shut"",""kitchen"",""grown"",""add"",""saw"",""degree"",""newspaper"",""signal"",""rope"",""company"",""slow"",""mill"",""drove"",""about"",""independent"",""win"",""break"",""harbor"",""age"",""birds"",""flight"",""several"",""visit"",""shoot"",""crack"",""lucky"",""fall"",""single"",""stand"",""skin"",""eventually"",""suit"",""fun"",""advice"",""town"",""somehow"",""check"",""pine"",""wherever"",""alike"",""exactly"",""enter"",""pure"",""engineer"",""throw"",""into"",""thirty"",""stay"",""meet"",""according"",""dozen"",""offer"",""tomorrow"""
"sing,""finish"",""who"",""model"",""reach"",""topic"",""contrast"",""generally"",""nervous"",""tent"",""official"",""local"",""seems"",""plastic"",""swim"",""roll"",""got"",""wore"",""everybody"",""various"",""worth"",""solar"",""broad"",""under"",""sum"",""baby"",""mind"",""giving"",""team"",""sit"",""will"",""pen"",""meat"",""importance"",""sent"",""major"",""so"",""longer"",""dropped"",""stepped"",""hung"",""organized"",""proper"",""remain"",""seven"",""scared"",""ought"",""ear"",""author"",""meal"",""these"",""get"",""tune"",""cabin"",""mirror"",""eager"",""party"",""guard"",""clear"""
"truth,""somehow"",""greatest"",""drawn"",""crack"",""tried"",""birds"",""final"",""most"",""pony"",""symbol"",""review"",""date"",""movement"",""many"",""fall"",""bush"",""health"",""how"",""matter"",""giant"",""system"",""as"",""dirty"",""dog"",""pink"",""moving"",""shaking"",""case"",""corn"",""halfway"",""size"",""plane"",""highest"",""is"",""shaking"",""calm"",""coffee"",""breeze"",""student"",""earn"",""moving"",""suggest"",""wrote"",""science"",""upper"",""written"",""fire"",""rocky"",""captain"",""friend"",""which"",""gift"",""why"",""happen"",""balloon"",""buffalo"",""divide"",""teeth"""
"since,""parent"",""difficult"",""grew"",""learn"",""stand"",""gasoline"",""strength"",""birth"",""went"",""note"",""manufacturing"",""receive"",""smaller"",""audience"",""forward"",""am"",""difficulty"",""worried"",""grew"",""hospital"",""four"",""coal"",""log"",""forgot"",""failed"",""apple"",""camp"",""date"",""successful"",""forty"",""near"",""loose"",""mark"",""protection"",""near"",""opinion"",""desert"",""mirror"",""yesterday"",""capital"",""name"",""weak"",""attempt"",""week"",""got"",""judge"",""merely"",""enough"",""was"",""lake"",""find"",""creature"",""someone"",""club"",""bright"",""explanation"",""turn"",""average"""
"hole,""bill"",""primitive"",""bite"",""could"",""winter"",""coast"",""swam"",""wear"",""telephone"",""discussion"",""pleasant"",""speed"",""heat"",""wide"",""party"",""structure"",""ring"",""planning"",""volume"",""catch"",""president"",""thin"",""example"",""after"",""merely"",""left"",""mouth"",""weak"",""still"",""old"",""down"",""due"",""see"",""birds"",""bag"",""son"",""table"",""grandfather"",""party"",""parent"",""exclaimed"",""plenty"",""passage"",""orbit"",""feature"",""tent"",""came"",""care"",""nearby"",""handle"",""clear"",""running"",""dangerous"",""possible"",""musical"",""vegetable"",""bend"",""mainly"""
"star,""wet"",""check"",""sure"",""shore"",""direct"",""mental"",""community"",""climb"",""pull"",""then"",""twelve"",""silence"",""famous"",""value"",""animal"",""nearer"",""boat"",""hope"",""then"",""chemical"",""blow"",""current"",""spent"",""kept"",""dot"",""lot"",""truth"",""anybody"",""apple"",""get"",""cent"",""development"",""steep"",""grandfather"",""straw"",""right"",""automobile"",""tall"",""important"",""everyone"",""upper"",""electricity"",""height"",""every"",""instant"",""team"",""build"",""previous"",""bare"",""wife"",""theory"",""instrument"",""toward"",""check"",""constantly"",""store"",""per"",""mathematics"""
"broke,""library"",""beginning"",""pan"",""was"",""among"",""wrong"",""frequently"",""became"",""stranger"",""easier"",""cabin"",""but"",""attached"",""sister"",""son"",""load"",""shaking"",""peace"",""eight"",""mud"",""broke"",""slabs"",""courage"",""mighty"",""information"",""course"",""how"",""pale"",""visit"",""nails"",""jungle"",""village"",""interest"",""tomorrow"",""fill"",""political"",""copy"",""moving"",""does"",""football"",""finger"",""yet"",""due"",""read"",""including"",""tribe"",""tired"",""led"",""result"",""especially"",""stay"",""smoke"",""answer"",""grabbed"",""activity"",""knife"",""nature"",""up"""
"battle,""turn"",""ring"",""science"",""military"",""wheel"",""oxygen"",""noun"",""declared"",""arrive"",""measure"",""badly"",""able"",""chair"",""world"",""bean"",""has"",""sale"",""triangle"",""snow"",""hungry"",""snow"",""chest"",""due"",""third"",""represent"",""library"",""harder"",""arm"",""appropriate"",""exactly"",""most"",""trap"",""widely"",""few"",""central"",""journey"",""beside"",""vote"",""chosen"",""plus"",""create"",""recently"",""furniture"",""electricity"",""unhappy"",""thy"",""cold"",""forest"",""speech"",""principle"",""should"",""nine"",""tool"",""however"",""spider"",""mine"",""century"",""driver"""
"animal,""sometime"",""part"",""drive"",""like"",""among"",""jungle"",""main"",""fear"",""stick"",""needed"",""object"",""driver"",""later"",""father"",""receive"",""pig"",""push"",""done"",""another"",""upon"",""than"",""fully"",""either"",""movie"",""ranch"",""among"",""hung"",""grain"",""ready"",""got"",""winter"",""while"",""gray"",""certain"",""wonder"",""equal"",""note"",""met"",""addition"",""ran"",""joy"",""accident"",""goose"",""fuel"",""back"",""farther"",""top"",""dozen"",""from"",""mother"",""cowboy"",""leave"",""grabbed"",""them"",""edge"",""almost"",""planet"",""speak"""
"noun,""suppose"",""task"",""cotton"",""suggest"",""receive"",""organization"",""feathers"",""forest"",""teeth"",""wooden"",""colony"",""within"",""outside"",""jet"",""writer"",""place"",""area"",""equator"",""blue"",""soil"",""anything"",""ready"",""thrown"",""sand"",""practical"",""gun"",""triangle"",""else"",""heat"",""surprise"",""tall"",""grade"",""truck"",""uncle"",""standard"",""cow"",""happily"",""influence"",""hospital"",""face"",""quiet"",""worse"",""cast"",""leaf"",""perfectly"",""hard"",""dropped"",""ahead"",""ocean"",""nearer"",""joy"",""month"",""easier"",""several"",""hair"",""whole"",""wet"",""silver"""
